发帖时间,帖子ID,游戏ID/名称,游戏类目
2026-03-01 00:08,2500,性界大战-285,网络游戏
2026-03-02 22:25,2627,家庭迷恋-380,单机游戏
2026-03-02 23:00,2631,旅馆-374,单机游戏
2026-03-02 23:10,2635,性界大战-285,网络游戏
2026-03-03 16:37,2667,淫娘X计划 BT版-383,网络游戏
2026-03-03 20:46,2700,欲界圣姬-148,网络游戏
2026-03-03 22:34,2688,罪案现场重演-385,单机游戏
2026-03-03 22:51,2693,沙漠追猎者-386,单机游戏
2026-03-03 23:49,2702,魅惑前线-273,网络游戏
2026-03-04 00:02,2703,珍的困境-393,单机游戏
2026-03-04 19:24,2737,我的姐姐和我-391,单机游戏
2026-03-04 20:06,2742,深渊的欲望-165,单机游戏
2026-03-04 20:47,2748,火影娇妻村-151,网络游戏
2026-03-04 21:06,2749,全明星动漫乐园-175,网络游戏
2026-03-04 22:17,2756,解禁无双-163,网络游戏
2026-03-05 00:20,2765,性界大战-285,单机游戏
2026-03-05 17:56,2789,光灯柠檬果酱-389,单机游戏
2026-03-05 18:22,2795,爱撒娇的妹妹两人独处的甜蜜性爱生活-388,单机游戏
2026-03-05 19:15,2799,我和她（女医师）的诊察日志-394,单机游戏
2026-03-05 23:16,2810,青楼大掌柜-147,单机游戏
2026-03-06 00:05,2816,米利安计划：生命与探索-392,单机游戏
2026-03-06 17:49,2846,再逐星者-399,单机游戏
2026-03-06 18:05,2848,修仙练气穿越到修仙世界-324,单机游戏
2026-03-06 18:36,2849,罪恶之夏：禁忌之恋-327,单机游戏
2026-03-09 18:47,3040,山丘-400,单机游戏
2026-03-09 19:02,3043,光圈物语Ch.2-291,单机游戏
2026-03-09 19:45,3044,我的幸福人生-357,单机游戏
2026-03-09 21:19,3052,性界大战-285,网络游戏
2026-03-09 23:19,3058,甜蜜夏日-406,单机游戏
2026-03-10 00:26,3065,性界大战-285,单机游戏
2026-03-10 18:12,3088,闪亮女友-359,单机游戏
2026-03-10 18:51,3091,我女朋友想要3P！-407,单机游戏
2026-03-10 19:16,3095,女神的最佳交易-404,单机游戏
2026-03-10 21:36,3109,魅惑前线-273,网络游戏
2026-03-11 00:12,3117,青楼大掌柜-147,网络游戏
2026-03-11 00:28,3119,性界大战-285,网络游戏
2026-03-11 19:23,3158,魅魔家族-402,单机游戏
2026-03-11 19:53,3160,欲望学院 第三季-405,单机游戏
2026-03-11 20:38,3165,火影娇妻村-151,网络游戏
2026-03-11 20:56,3167,全明星动漫乐园-175,网络游戏
2026-03-11 22:28,3174,18禁宝可梦-170,网络游戏
2026-03-11 23:40,3178,性癖探测器 第三季-413,单机游戏
2026-03-12 19:57,3218,甜蜜恋爱：操翻静玖的处女穴-422,单机游戏
2026-03-12 20:25,3219,富婆妹凸：巨乳溢出甜蜜后宫-411,单机游戏
2026-03-13 00:11,3239,性界大战-285,网络游戏
2026-03-13 19:01,3279,紗雪小姐与小鹿（安卓体验版）-403,单机游戏
2026-03-13 19:25,3284,欧派奥德赛-390,单机游戏
2026-03-13 19:51,3289,天堂市-364,单机游戏
2026-03-14 00:03,3305,淫娘X计划 BT版-383,单机游戏
2026-03-16 18:20,3461,奥特曼的禁断肉棒征服-440,单机游戏
2026-03-16 21:26,3468,兄妹密语：雪之妖精妹妹的密语内射教学-423,单机游戏
2026-03-16 21:46,3471,欢迎来到莉尔卡的魔术秀!-432,单机游戏
2026-03-16 22:12,3472,朕才是皇帝-437,单机游戏
2026-03-16 22:26,3473,我的未婚妻、还不知初恋-435,单机游戏
2026-03-17 15:53,3512,性界大战-285,网络游戏
2026-03-17 20:51,3520,欲界圣姬-148,网络游戏
2026-03-17 21:00,3521,魅惑前线-273,网络游戏
2026-03-17 23:40,3527,圣女不死心-447,单机游戏
2026-03-18 00:03,3532,萌恋ReLive~热恋距离下观察高潮表情+被可爱笑容引爆的射精动画～-451,单机游戏
2026-03-18 00:06,3533,性界大战-285,网络游戏
2026-03-18 18:12,3568,我与空狐的日常-446,单机游戏
2026-03-18 19:08,3572,SiNiSistar-436,单机游戏
2026-03-18 19:32,3575,性界大战-285,网络游戏
2026-03-18 21:35,3583,火影娇妻村-151,网络游戏
2026-03-18 21:35,3582,在乡下与谜之姐姐尽情H-444,单机游戏
2026-03-18 21:44,3585,18禁宝可梦-170,网络游戏
2026-03-18 23:09,3588,解禁无双-163,网络游戏
2026-03-18 23:13,3589,全明星动漫乐园-175,网络游戏
2026-03-19 16:58,3624,淫娘X计划 BT版-383,网络游戏
2026-03-19 22:55,3632,刘婵养成计划-129,单机游戏
2026-03-19 23:22,3636,防身术道场秘密的NTR课程-136,单机游戏
2026-03-19 23:50,3638,我的后宫新生活-24,单机游戏
2026-03-20 00:03,3640,性界大战-285,网络游戏
2026-03-20 22:27,3684,性界大战-285,网络游戏
2026-03-20 23:57,3688,短暂的记忆 Fleeting Memories-346,单机游戏
2026-03-21 00:07,3690,人工智能革命-340,单机游戏
2026-03-21 00:14,3692,末日少女珍娜的生存 18＋-71,单机游戏
2026-03-21 00:21,3695,向日葵的教会与长长的暑假-458,单机游戏
2026-03-21 00:42,3698,性界大战-285,单机游戏
2026-03-23 21:19,3856,77ai-473,单机游戏
2026-03-23 21:54,3857,奶子增长点击器-469,单机游戏
2026-03-23 22:07,3858,最后的性爱——被NTR的模拟游戏-462,单机游戏
2026-03-23 22:48,3865,魅與深淵-274,单机游戏
2026-03-23 23:46,3868,性界大战-285,单机游戏
2026-03-24 19:40,3921,与赫敏同行 With Hermione-284,单机游戏
2026-03-24 21:01,3922,欲界圣姬-148,网络游戏
2026-03-24 21:02,3923,魅惑前线-273,网络游戏
2026-03-24 21:03,3924,18禁宝可梦-170,网络游戏
2026-03-24 21:04,3925,全明星动漫乐园-175,网络游戏
2026-03-24 21:18,3927,超能者重制版-322,单机游戏
2026-03-24 21:37,3928,哥特惊魂-323,单机游戏
2026-03-24 21:49,3929,淫欲斗罗-200,单机游戏
2026-03-24 22:00,3930,生活的回报 Life‘s Payback-321,单机游戏
2026-03-25 18:42,3974,月光下的奉献：圣骑士的后宫-319,单机游戏
2026-03-25 19:07,3976,淫娘X计划 BT版-383,单机游戏
2026-03-25 19:40,3977,解禁无双-163,网络游戏
2026-03-25 19:42,3978,火影娇妻村-151,网络游戏
2026-03-25 23:51,3996,性界大战-285,网络游戏
2026-03-25 23:54,3995,谋杀与情妇-396,单机游戏
2026-03-26 00:18,3999,Koi x Mitsu ~织丝双鸽与甜食之国的约定~-466,单机游戏
2026-03-26 16:01,4040,性界大战-285,网络游戏
2026-03-26 19:08,4052,性界大战-285,网络游戏
2026-03-26 19:48,4054,埃琳娜的故事 Elena\'s Story-472,单机游戏
2026-03-26 22:45,4063,相遇书店-465,单机游戏
2026-03-26 23:28,4066,青楼大掌柜-147,单机游戏
2026-03-27 00:16,4071,与无知萝莉魔王大人度过的光辉而不安的日子-470,单机游戏
2026-03-27 20:49,4104,惩罚少女R-452,单机游戏
2026-03-27 21:26,4105,天之少女-279,单机游戏
2026-03-27 21:57,4109,魔鬼的崇拜-362,单机游戏
2026-03-27 23:11,4111,淫娘X计划 BT版-383,单机游戏
